,count,good_count,relative
Belgium,520,1.0,0.0019230769230769232
Tanzania,405,1.0,0.0024691358024691358
Switzerland,403,1.0,0.0024813895781637717
Nepal,361,1.0,0.002770083102493075
Peru,350,1.0,0.002857142857142857
Nigeria,679,2.0,0.0029455081001472753
Colombia,285,1.0,0.0035087719298245615
Lithuania,244,1.0,0.004098360655737705
Fiji,198,1.0,0.005050505050505051
Azerbaijan,179,1.0,0.00558659217877095
