,count,good_count,relative
"Korea, North",36,7.0,0.19444444444444445
Saudi Arabia,118,15.0,0.1271186440677966
Mauritania,48,6.0,0.125
Central African Republic,66,8.0,0.12121212121212122
Romania,343,39.0,0.11370262390670553
Tuvalu,54,5.0,0.09259259259259259
Bhutan,33,3.0,0.09090909090909091
Dominica,12,1.0,0.08333333333333333
Syria,129,10.0,0.07751937984496124
Benin,91,7.0,0.07692307692307693
