,count,population,coverage
Tuvalu,54.0,10000.0,0.0054
Nauru,52.0,10000.0,0.0052
San Marino,81.0,30000.0,0.0027
Monaco,40.0,40000.0,0.001
Liechtenstein,28.0,40000.0,0.0007
Tonga,63.0,100000.0,0.00063
Marshall Islands,37.0,60000.0,0.0006166666666666666
Iceland,202.0,400000.0,0.000505
Andorra,34.0,80000.0,0.000425
Grenada,36.0,100000.0,0.00036
